public,amenities,t
public,audit_log,t
public,booking_charges,t
public,booking_guests,t
public,booking_rooms,t
public,bookings,t
public,departments,t
public,entity_photos,t
public,expenses,t
public,faqs,t
public,features,t
public,guest_consents,t
public,guests,t
public,hostconnect_onboarding,t
public,hostconnect_staff,t
public,how_it_works_steps,t
public,idea_comments,t
public,ideas,t
public,integrations,t
public,inventory_items,t
public,invoices,t
public,item_stock,t
public,lead_timeline_events,t
public,member_permissions,t
public,notifications,t
public,org_invites,t
public,org_members,t
public,organizations,t
public,pre_checkin_sessions,f
public,pre_checkin_submissions,f
public,precheckin_sessions,t
public,pricing_plans,t
public,pricing_rules,t
public,profiles,t
public,properties,t
public,reservation_leads,t
public,reservation_quotes,t
public,room_categories,t
public,room_type_inventory,t
public,room_types,t
public,rooms,t
public,services,t
public,shift_assignments,t
public,shift_handoffs,t
public,shifts,t
public,staff_profiles,t
public,stock_check_items,t
public,stock_daily_checks,t
public,stock_items,t
public,stock_locations,t
public,stock_movements,t
public,tasks,t
public,testimonials,t
public,ticket_comments,t
public,tickets,t
public,website_settings,t
